model	rule	detail	issue
exposure.ad_hoc_reporting_views	A8	kipptaf.int_powerschool__attendance_streak	#5808
exposure.amandas_secret_birthday_roster	A8	kipptaf.int_people__staff_roster	#5808
exposure.camden_sar_accommodations_errors20241031	A8	kipptaf.base_powerschool__student_enrollments	#5808
exposure.che_camden_workspace_feed	A8	kipptaf.base_powerschool__student_enrollments	#5808
exposure.che_camden_workspace_feed	A8	kipptaf.int_powerschool__ps_adaadm_daily_ctod	#5808
exposure.dbt_snapshots	A8	kipptaf.snapshot_people__employee_numbers	#5808
exposure.dbt_snapshots	A8	kipptaf.snapshot_people__student_logins	#5808
exposure.fresh_dashboard	A8	kipptaf.int_tableau__finalsite_student_scaffold	#5808
exposure.google_form_dropdown_teachers	A8	kipptaf.int_people__staff_roster	#5808
exposure.grants_timesheet_roster_feed	A8	kipptaf.int_people__staff_roster	#5808
exposure.kfwd_missing_account_audit_refreshes_nightly	A8	kipptaf.int_kippadb__roster	#5808
exposure.kipp_alumni_employees	A8	kipptaf.int_people__staff_roster	#5808
exposure.literacy_dashboard	A8	kipptaf.stg_google_sheets__dibels_pm_goals	#5808
exposure.location_changers_2025	A8	kipptaf.int_people__staff_roster_history	#5808
exposure.membership_upload_sheet	A8	kipptaf.int_people__staff_roster	#5808
exposure.powerschool_retention_exemption_log_upload_template	A8	kipptaf.int_powerschool__teachers	#5808
exposure.rpt_gsheets__miami_lunch_adults	A8	kipptaf.int_people__staff_roster	#5808
exposure.seat_tracker_finance_mirror_2025	A8	kipptaf.int_people__next_year_salary_projections	#5808
exposure.shelbys_secret_staff_roster	A8	kipptaf.int_people__staff_roster	#5808
exposure.tech_data_feeds	A8	kipptaf.stg_ldap__user_person	#5808
kipptaf.base_powerschool__course_enrollments	A1	kipptaf.int_students__course_enrollments	#5807
kipptaf.base_powerschool__sections	A1	kipptaf.int_students__course_sections	#5807
kipptaf.base_powerschool__student_enrollments	A1	kipptaf.int_students__student_enrollments	#5807
kipptaf.bridge_assessment_expectations_student_scoped	A1	kipptaf.stg_google_sheets__reporting__terms	#5806
kipptaf.bridge_course_section_teachers	A1	kipptaf.base_powerschool__sections	#5809
kipptaf.bridge_course_section_teachers	A1	kipptaf.int_focus__schedule	#5809
kipptaf.bridge_course_section_teachers	A1	kipptaf.int_powerschool__section_teachers	#5809
kipptaf.bridge_course_section_terms	A1	kipptaf.base_powerschool__sections	#5809
kipptaf.bridge_course_section_terms	A1	kipptaf.stg_google_sheets__reporting__terms	#5806
kipptaf.bridge_survey_questions	A1	kipptaf.int_google_forms__form__items	#5806
kipptaf.bridge_survey_questions	A1	kipptaf.stg_google_sheets__surveys__scd_question_crosswalk	#5806
kipptaf.bridge_survey_questions	A1	source.alchemer.stg_alchemer__survey_question	#5809
kipptaf.bridge_survey_questions	A1	source.surveys.stg_surveys__manager_survey_detail_archive	#5809
kipptaf.dim_assessment_administrations	A1	kipptaf.int_amplify__all_assessments	#5809
kipptaf.dim_assessment_administrations	A1	kipptaf.int_fldoe__all_assessments	#5809
kipptaf.dim_assessment_administrations	A1	kipptaf.int_iready__diagnostic_results	#5809
kipptaf.dim_assessment_administrations	A1	kipptaf.stg_renlearn__star	#5809
kipptaf.dim_assessment_comparisons	A1	kipptaf.stg_google_sheets__state_test_comparison	#5806
kipptaf.dim_assessment_goals	A1	kipptaf.stg_google_sheets__assessments__academic_goals	#5806
kipptaf.dim_assessments	A1	kipptaf.int_amplify__all_assessments	#5809
kipptaf.dim_assessments	A1	kipptaf.int_fldoe__all_assessments	#5809
kipptaf.dim_assessments	A1	kipptaf.int_iready__diagnostic_results	#5809
kipptaf.dim_assessments	A1	kipptaf.stg_renlearn__star	#5809
kipptaf.dim_college_enrollments	A1	kipptaf.int_kippadb__roster	#5809
kipptaf.dim_college_enrollments	A1	kipptaf.stg_nsc__student_tracker	#5809
kipptaf.dim_colleges	A1	kipptaf.stg_google_sheets__kippadb__nsc_crosswalk	#5806
kipptaf.dim_colleges	A1	kipptaf.stg_kippadb__account	#5809
kipptaf.dim_colleges	A1	kipptaf.stg_nsc__student_tracker	#5809
kipptaf.dim_course_sections	A1	kipptaf.base_powerschool__sections	#5809
kipptaf.dim_courses	A1	kipptaf.stg_google_sheets__assessments__course_subject_crosswalk	#5806
kipptaf.dim_job_candidates	A1	kipptaf.stg_smartrecruiters__applications	#5809
kipptaf.dim_job_postings	A1	kipptaf.stg_smartrecruiters__applications	#5809
kipptaf.dim_locations	A1	kipptaf.stg_google_sheets__people__campus_crosswalk	#5806
kipptaf.dim_locations	A1	kipptaf.stg_google_sheets__people__locations	#5806
kipptaf.dim_regions	A1	kipptaf.int_adp_workforce_now__workers__work_assignments__organizational_units__pivot	#5809
kipptaf.dim_staff	A1	kipptaf.stg_people__employee_numbers	#5809
kipptaf.dim_staff_cube_access	A1	kipptaf.stg_google_directory__users	#5806
kipptaf.dim_staff_cube_access	A1	kipptaf.stg_google_sheets__people__cube_access_department_override	#5806
kipptaf.dim_staff_cube_access	A1	kipptaf.stg_google_sheets__people__cube_access_department_rollup	#5806
kipptaf.dim_staff_cube_access	A1	kipptaf.stg_google_sheets__people__cube_access_individual_exceptions	#5806
kipptaf.dim_staff_cube_access	A1	kipptaf.stg_google_sheets__people__cube_access_role	#5806
kipptaf.dim_staff_observation_expectations	A1	kipptaf.int_schoolmint_grow__observation_types	#5809
kipptaf.dim_staff_observation_expectations	A1	kipptaf.stg_google_sheets__reporting__terms	#5806
kipptaf.dim_staff_observation_goal_types	A1	kipptaf.int_schoolmint_grow__microgoals	#5809
kipptaf.dim_staff_observation_rubric_measurements	A1	kipptaf.stg_schoolmint_grow__measurements	#5809
kipptaf.dim_staff_observation_rubric_measurements	A1	kipptaf.stg_schoolmint_grow__rubrics__measurement_groups__measurements	#5809
kipptaf.dim_staff_observation_rubrics	A1	kipptaf.stg_schoolmint_grow__rubrics__measurement_groups__measurements	#5809
kipptaf.dim_staff_observation_types	A1	kipptaf.int_schoolmint_grow__observation_types	#5809
kipptaf.dim_staff_status	A1	kipptaf.stg_adp_workforce_now__workers	#5809
kipptaf.dim_staff_status	A1	kipptaf.stg_people__employee_numbers	#5809
kipptaf.dim_staff_work_assignments	A1	kipptaf.int_adp_workforce_now__workers__work_assignments	#5809
kipptaf.dim_staff_work_assignments	A1	kipptaf.stg_adp_workforce_now__workers	#5809
kipptaf.dim_staff_work_assignments	A1	kipptaf.stg_people__employee_numbers	#5809
kipptaf.dim_staffing_positions	A1	kipptaf.snapshot_seat_tracker__seats	#5809
kipptaf.dim_staffing_positions	A1	kipptaf.stg_google_appsheet__seat_tracker__seats	#5806
kipptaf.dim_student_ell_status	A1	kipptaf.stg_powerschool__s_nj_stu_x	#5809
kipptaf.dim_student_iep_status	A1	kipptaf.int_edplan__njsmart_powerschool_union	#5809
kipptaf.dim_student_meal_eligibility_status	A1	kipptaf.stg_titan__person_data	#5809
kipptaf.dim_students	A1	kipptaf.stg_kippadb__contact	#5809
kipptaf.dim_students	A1	kipptaf.stg_powerschool__s_nj_stu_x	#5809
kipptaf.dim_survey_administrations	A1	kipptaf.stg_google_sheets__reporting__terms	#5806
kipptaf.dim_survey_administrations	A1	source.surveys.int_surveys__response_identifiers	#5809
kipptaf.dim_survey_questions	A1	kipptaf.int_google_forms__form__items	#5806
kipptaf.dim_survey_questions	A1	kipptaf.stg_google_sheets__surveys__scd_question_crosswalk	#5806
kipptaf.dim_survey_questions	A1	source.alchemer.stg_alchemer__survey_question	#5809
kipptaf.dim_surveys	A1	kipptaf.stg_google_forms__form	#5806
kipptaf.dim_surveys	A1	source.alchemer.stg_alchemer__survey	#5809
kipptaf.dim_terms	A1	kipptaf.stg_google_sheets__reporting__terms	#5806
kipptaf.dim_work_assignment_jobs	A1	kipptaf.int_adp_workforce_now__workers__work_assignments	#5809
kipptaf.dim_work_assignment_locations	A1	kipptaf.int_adp_workforce_now__workers__work_assignments	#5809
kipptaf.dim_work_assignment_organizational_units	A1	kipptaf.int_adp_workforce_now__workers__work_assignments__organizational_units	#5809
kipptaf.dim_work_assignment_primary	A1	kipptaf.int_adp_workforce_now__workers__work_assignments	#5809
kipptaf.dim_work_assignment_reporting_relationships	A1	kipptaf.int_adp_workforce_now__workers__work_assignments__reports_to	#5809
kipptaf.dim_work_assignment_reporting_relationships	A1	kipptaf.stg_adp_workforce_now__workers	#5809
kipptaf.dim_work_assignment_reporting_relationships	A1	kipptaf.stg_people__employee_numbers	#5809
kipptaf.dim_work_assignment_status	A1	kipptaf.int_adp_workforce_now__workers__work_assignments	#5809
kipptaf.dim_work_assignment_types	A1	kipptaf.int_adp_workforce_now__workers__work_assignments	#5809
kipptaf.fct_assessment_scores_enrollment_scoped	A1	kipptaf.int_iready__domain_unpivot	#5809
kipptaf.fct_assessment_scores_enrollment_scoped	A1	kipptaf.stg_google_sheets__assessments__vendor_subject_crosswalk	#5806
kipptaf.fct_assessment_scores_enrollment_scoped	A1	kipptaf.stg_google_sheets__reporting__terms	#5806
kipptaf.fct_behavioral_consequences	A1	kipptaf.int_deanslist__incidents__penalties	#5809
kipptaf.fct_behavioral_incidents	A1	kipptaf.int_deanslist__incidents	#5809
kipptaf.fct_behavioral_incidents	A1	kipptaf.stg_deanslist__users	#5809
kipptaf.fct_family_communications	A1	kipptaf.int_deanslist__comm_log	#5809
kipptaf.fct_family_communications	A1	kipptaf.stg_deanslist__users	#5809
kipptaf.fct_grades_assignments	A1	kipptaf.stg_google_sheets__reporting__terms	#5806
kipptaf.fct_grades_category	A1	kipptaf.stg_google_sheets__reporting__terms	#5806
kipptaf.fct_grades_gpa	A1	kipptaf.stg_google_sheets__reporting__terms	#5806
kipptaf.fct_grades_term	A1	kipptaf.stg_google_sheets__reporting__terms	#5806
kipptaf.fct_job_candidate_applications	A1	kipptaf.stg_smartrecruiters__applications	#5809
kipptaf.fct_staff_benefits_enrollments	A1	kipptaf.stg_adp_workforce_now__pension_and_benefits_enrollments	#5809
kipptaf.fct_staff_membership_enrollments	A1	kipptaf.stg_adp_workforce_now__employee_memberships	#5809
kipptaf.fct_staff_membership_enrollments	A1	kipptaf.stg_people__employee_numbers	#5809
kipptaf.fct_staff_observation_goals	A1	kipptaf.int_schoolmint_grow__assignments__tags	#5809
kipptaf.fct_staff_observation_goals	A1	kipptaf.int_schoolmint_grow__microgoals	#5809
kipptaf.fct_staff_observation_goals	A1	kipptaf.stg_schoolmint_grow__assignments	#5809
kipptaf.fct_staff_observation_goals	A1	kipptaf.stg_schoolmint_grow__users	#5809
kipptaf.fct_staff_observation_scores	A1	kipptaf.stg_schoolmint_grow__observations	#5809
kipptaf.fct_staff_observations	A1	kipptaf.int_schoolmint_grow__observations	#5809
kipptaf.fct_student_attendance_interventions	A1	kipptaf.int_deanslist__comm_log	#5809
kipptaf.fct_support_tickets	A1	kipptaf.int_zendesk__tickets__custom_fields_pivot	#5809
kipptaf.fct_support_tickets	A1	kipptaf.stg_zendesk__ticket_audits__events	#5809
kipptaf.fct_support_tickets	A1	kipptaf.stg_zendesk__ticket_metrics	#5809
kipptaf.fct_support_tickets	A1	kipptaf.stg_zendesk__users	#5809
kipptaf.fct_support_tickets	A1	source.zendesk.tickets	#5809
kipptaf.fct_survey_submissions	A1	kipptaf.stg_google_sheets__reporting__terms	#5806
kipptaf.fct_work_assignment_additional_earnings	A1	kipptaf.int_adp_workforce_now__workers__work_assignments	#5809
kipptaf.fct_work_assignment_compensation	A1	kipptaf.int_adp_workforce_now__workers__work_assignments	#5809
kipptaf.int_amplify__mclass__benchmark_student_summary	A1	kipptaf.int_people__location_crosswalk	#5807
kipptaf.int_amplify__mclass__pm_student_summary	A1	kipptaf.int_people__location_crosswalk	#5807
kipptaf.int_amplify__mclass__pm_student_summary_aimline	A1	kipptaf.int_people__location_crosswalk	#5807
kipptaf.int_amplify__pm_met_criteria	A1	kipptaf.int_students__dibels_participation_roster	#5807
kipptaf.int_amplify__pm_met_criteria_aimline	A1	kipptaf.int_students__dibels_participation_roster	#5807
kipptaf.int_deanslist__referral_suspension_rollup	A1	kipptaf.int_people__location_crosswalk	#5807
kipptaf.int_finalsite__status_report_unpivot	A1	kipptaf.int_people__location_crosswalk	#5807
kipptaf.int_google_sheets__dibels_pm_expectations	A1	kipptaf.int_students__calendar_day	#5807
kipptaf.int_google_sheets__dibels_pm_expectations	A1	kipptaf.int_students__school_directory	#5807
kipptaf.int_ignite__student_id_crosswalk	A1	source.ignite.ignite_id_salt	#5807
kipptaf.int_iready__diagnostic_results	A1	kipptaf.int_people__location_crosswalk	#5807
kipptaf.int_iready__instruction_by_lesson	A1	kipptaf.int_people__location_crosswalk	#5807
kipptaf.int_iready__instruction_by_lesson_pro	A1	kipptaf.int_people__location_crosswalk	#5807
kipptaf.int_kippadb__roster	A1	kipptaf.base_powerschool__student_enrollments	#5807
kipptaf.int_kippadb__roster	A1	kipptaf.int_extracts__student_enrollments	#5807
kipptaf.int_kippadb__roster	A1	kipptaf.int_overgrad__admissions	#5807
kipptaf.int_kippadb__roster	A1	kipptaf.int_overgrad__students	#5807
kipptaf.int_kippadb__roster	A1	kipptaf.int_students__graduation_path_codes	#5807
kipptaf.int_kippadb__roster	A1	kipptaf.int_students__schools	#5807
kipptaf.int_kippadb__standardized_test_rollup	A1	kipptaf.int_assessments__college_assessment	#5807
kipptaf.int_overgrad__top_choices	A1	kipptaf.base_kippadb__application	#5807
kipptaf.int_overgrad__top_choices	A1	kipptaf.stg_kippadb__account	#5807
kipptaf.int_powerschool__ada_term	A1	kipptaf.int_students__attendance_daily	#5807
kipptaf.int_powerschool__u_expectations_qtd_unpivot	A1	kipptaf.int_students__calendar_week	#5807
kipptaf.int_seat_tracker__snapshot	A1	kipptaf.int_people__location_crosswalk	#5807
kipptaf.int_students__enrollment_daily	A1	kipptaf.dim_dates	#5807
kipptaf.int_zendesk__tickets__custom_fields_pivot	A1	kipptaf.int_people__location_crosswalk	#5807
kipptaf.rpt_adp_workforce_now__data_bridge	A1	kipptaf.stg_adp_workforce_now__time_and_attendance	#5810
kipptaf.rpt_appsheet__kfwd_career_launch_survey	A1	kipptaf.int_kippadb__roster	#5811
kipptaf.rpt_appsheet__kfwd_career_launch_survey	A1	kipptaf.stg_kippadb__enrollment	#5811
kipptaf.rpt_appsheet__seat_tracker_roster	A1	kipptaf.rpt_tableau__survey_responses	#5811
kipptaf.rpt_branchingminds__behavior_incident	A1	kipptaf.int_deanslist__incidents	#5810
kipptaf.rpt_branchingminds__behavior_incident	A1	kipptaf.stg_google_sheets__people__locations	#5810
kipptaf.rpt_branchingminds__behavior_incident_detail	A1	kipptaf.int_deanslist__incidents	#5810
kipptaf.rpt_branchingminds__behavior_incident_detail	A1	kipptaf.rpt_branchingminds__behavior_incident	#5810
kipptaf.rpt_branchingminds__course_info	A1	kipptaf.stg_powerschool__courses	#5810
kipptaf.rpt_branchingminds__course_performance	A1	kipptaf.stg_powerschool__storedgrades	#5810
kipptaf.rpt_branchingminds__course_performance	A1	kipptaf.stg_powerschool__students	#5810
kipptaf.rpt_clever__schools	A1	kipptaf.stg_powerschool__schools	#5810
kipptaf.rpt_clever__sections	A1	kipptaf.int_powerschool__section_teachers	#5810
kipptaf.rpt_clever__sections	A1	kipptaf.stg_powerschool__schools	#5810
kipptaf.rpt_clever__staff	A1	kipptaf.stg_ldap__group	#5810
kipptaf.rpt_clever__staff	A1	kipptaf.stg_ldap__user_person	#5810
kipptaf.rpt_clever__staff	A1	kipptaf.stg_powerschool__schools	#5810
kipptaf.rpt_coupa__users	A1	kipptaf.stg_coupa__addresses	#5810
kipptaf.rpt_coupa__users	A1	kipptaf.stg_coupa__users	#5810
kipptaf.rpt_coupa__users	A1	kipptaf.stg_coupa__users__content_groups	#5810
kipptaf.rpt_coupa__users	A1	kipptaf.stg_coupa__users__roles	#5810
kipptaf.rpt_coupa__users	A1	kipptaf.stg_google_sheets__coupa__address_name_crosswalk	#5810
kipptaf.rpt_coupa__users	A1	kipptaf.stg_google_sheets__coupa__intacct_department_lookup	#5810
kipptaf.rpt_coupa__users	A1	kipptaf.stg_google_sheets__coupa__intacct_fund_lookup	#5810
kipptaf.rpt_coupa__users	A1	kipptaf.stg_google_sheets__coupa__intacct_location_lookup	#5810
kipptaf.rpt_coupa__users	A1	kipptaf.stg_google_sheets__coupa__intacct_program_lookup	#5810
kipptaf.rpt_coupa__users	A1	kipptaf.stg_google_sheets__coupa__school_name_crosswalk	#5810
kipptaf.rpt_coupa__users	A1	kipptaf.stg_google_sheets__coupa__school_name_lookup	#5810
kipptaf.rpt_coupa__users	A1	kipptaf.stg_google_sheets__coupa__user_exceptions	#5810
kipptaf.rpt_deanslist__college_admission_tests	A1	kipptaf.int_kippadb__standardized_test	#5810
kipptaf.rpt_deanslist__designations	A1	kipptaf.int_powerschool__final_grades_rollup	#5810
kipptaf.rpt_deanslist__designations	A1	kipptaf.int_powerschool__gpa_term	#5810
kipptaf.rpt_deanslist__designations	A1	kipptaf.int_powerschool__spenrollments	#5810
kipptaf.rpt_deanslist__designations	A1	kipptaf.stg_google_sheets__reporting__terms	#5810
kipptaf.rpt_deanslist__family_contacts	A1	kipptaf.stg_powerschool__students	#5810
kipptaf.rpt_deanslist__final_grades	A1	kipptaf.base_powerschool__course_enrollments	#5810
kipptaf.rpt_deanslist__final_grades	A1	kipptaf.int_powerschool__category_grades_pivot	#5810
kipptaf.rpt_deanslist__final_grades	A1	kipptaf.int_powerschool__final_grades_pivot	#5810
kipptaf.rpt_deanslist__final_grades	A1	kipptaf.stg_google_sheets__reporting__terms	#5810
kipptaf.rpt_deanslist__final_grades	A1	kipptaf.stg_powerschool__pgfinalgrades	#5810
kipptaf.rpt_deanslist__final_grades	A1	kipptaf.stg_powerschool__storedgrades	#5810
kipptaf.rpt_deanslist__hs_transcript_programs	A1	kipptaf.int_powerschool__spenrollments	#5810
kipptaf.rpt_deanslist__hs_transcript_programs	A1	kipptaf.stg_powerschool__students	#5810
kipptaf.rpt_deanslist__iready_diagnostics	A1	kipptaf.int_iready__diagnostic_results	#5810
kipptaf.rpt_deanslist__iready_lessons	A1	kipptaf.stg_deanslist__terms	#5810
kipptaf.rpt_deanslist__iready_lessons	A1	kipptaf.stg_iready__personalized_instruction_summary	#5810
kipptaf.rpt_deanslist__missing_assignments	A1	kipptaf.int_powerschool__gradebook_assignments_scores	#5810
kipptaf.rpt_deanslist__mod_assessment	A1	kipptaf.int_illuminate__performance_band_sets	#5810
kipptaf.rpt_deanslist__mod_assessment	A1	kipptaf.stg_google_appsheet__illuminate_assessments_extension	#5810
kipptaf.rpt_deanslist__mod_standards	A1	kipptaf.int_illuminate__performance_band_sets	#5810
kipptaf.rpt_deanslist__mod_standards_domains	A1	kipptaf.stg_google_appsheet__illuminate_assessments_extension	#5810
kipptaf.rpt_deanslist__mod_standards_domains	A1	kipptaf.stg_google_sheets__assessments__standard_domains	#5810
kipptaf.rpt_deanslist__promo_status	A1	kipptaf.int_powerschool__gpa_term	#5810
kipptaf.rpt_deanslist__promo_status	A1	kipptaf.int_powerschool__log	#5810
kipptaf.rpt_deanslist__reading_levels	A1	kipptaf.int_amplify__all_assessments	#5810
kipptaf.rpt_deanslist__reading_levels	A1	kipptaf.stg_google_sheets__dibels_measures	#5810
kipptaf.rpt_deanslist__sight_words	A1	kipptaf.int_illuminate__repository_data	#5810
kipptaf.rpt_deanslist__sight_words	A1	kipptaf.stg_google_sheets__reporting__terms	#5810
kipptaf.rpt_deanslist__student_misc	A1	kipptaf.int_powerschool__gpa_term	#5810
kipptaf.rpt_deanslist__student_misc	A1	kipptaf.stg_powerschool__schools	#5810
kipptaf.rpt_deanslist__transcript_gpas	A1	kipptaf.int_powerschool__gradescaleitem_lookup	#5810
kipptaf.rpt_deanslist__transcript_gpas	A1	kipptaf.stg_powerschool__storedgrades	#5810
kipptaf.rpt_deanslist__transcript_gpas	A1	kipptaf.stg_powerschool__students	#5810
kipptaf.rpt_deanslist__transcript_grades	A1	kipptaf.base_powerschool__final_grades	#5810
kipptaf.rpt_deanslist__transcript_grades	A1	kipptaf.stg_powerschool__storedgrades	#5810
kipptaf.rpt_deanslist__transcript_grades	A1	kipptaf.stg_powerschool__students	#5810
kipptaf.rpt_egencia__users	A1	kipptaf.stg_google_sheets__egencia__travel_managers	#5810
kipptaf.rpt_egencia__users	A1	kipptaf.stg_google_sheets__egencia__traveler_groups	#5810
kipptaf.rpt_focus__addresses	A1	kipptaf.int_finalsite__contact_id_attributes	#5810
kipptaf.rpt_focus__addresses	A1	kipptaf.int_finalsite__enrollment_lifecycle	#5810
kipptaf.rpt_focus__addresses	A1	kipptaf.int_finalsite__student_address_of_record	#5810
kipptaf.rpt_focus__addresses	A1	kipptaf.stg_finalsite__contacts	#5810
kipptaf.rpt_focus__contacts	A1	kipptaf.int_finalsite__contact_address_of_record	#5810
kipptaf.rpt_focus__contacts	A1	kipptaf.int_finalsite__contact_custom_attributes	#5810
kipptaf.rpt_focus__contacts	A1	kipptaf.int_finalsite__contact_id_attributes	#5810
kipptaf.rpt_focus__contacts	A1	kipptaf.int_finalsite__enrollment_lifecycle	#5810
kipptaf.rpt_focus__contacts	A1	kipptaf.stg_finalsite__contact_relationships	#5810
kipptaf.rpt_focus__contacts	A1	kipptaf.stg_finalsite__contacts	#5810
kipptaf.rpt_focus__demographics	A1	kipptaf.int_finalsite__contact_custom_attributes	#5810
kipptaf.rpt_focus__demographics	A1	kipptaf.int_finalsite__contact_id_attributes	#5810
kipptaf.rpt_focus__demographics	A1	kipptaf.int_finalsite__enrollment_lifecycle	#5810
kipptaf.rpt_focus__demographics	A1	kipptaf.stg_finalsite__contacts	#5810
kipptaf.rpt_focus__demographics	A1	kipptaf.stg_google_sheets__focus__language_code_crosswalk	#5810
kipptaf.rpt_focus__demographics	A1	kipptaf.stg_people__student_logins	#5810
kipptaf.rpt_focus__student_enrollment	A1	kipptaf.int_finalsite__contact_custom_attributes	#5810
kipptaf.rpt_focus__student_enrollment	A1	kipptaf.int_finalsite__contact_id_attributes	#5810
kipptaf.rpt_focus__student_enrollment	A1	kipptaf.int_finalsite__enrollment_lifecycle	#5810
kipptaf.rpt_focus__student_enrollment	A1	kipptaf.int_focus__school_year_first_day	#5810
kipptaf.rpt_google_directory__admin_import	A1	kipptaf.stg_google_directory__orgunits	#5811
kipptaf.rpt_google_directory__admin_import	A1	kipptaf.stg_google_directory__role_assignments	#5811
kipptaf.rpt_google_directory__admin_import	A1	kipptaf.stg_google_directory__roles	#5811
kipptaf.rpt_google_directory__admin_import	A1	kipptaf.stg_google_directory__users	#5811
kipptaf.rpt_google_directory__users_import	A1	kipptaf.int_finalsite__contact_id_attributes	#5811
kipptaf.rpt_google_directory__users_import	A1	kipptaf.int_finalsite__enrollment_lifecycle	#5811
kipptaf.rpt_google_directory__users_import	A1	kipptaf.int_focus__student_enrollment_roster	#5811
kipptaf.rpt_google_directory__users_import	A1	kipptaf.stg_finalsite__contacts	#5811
kipptaf.rpt_google_directory__users_import	A1	kipptaf.stg_google_directory__groups	#5811
kipptaf.rpt_google_directory__users_import	A1	kipptaf.stg_google_directory__orgunits	#5811
kipptaf.rpt_google_directory__users_import	A1	kipptaf.stg_google_directory__users	#5811
kipptaf.rpt_google_directory__users_import	A1	kipptaf.stg_people__student_logins	#5811
kipptaf.rpt_gsheets__assessment_roster	A1	kipptaf.base_powerschool__course_enrollments	#5811
kipptaf.rpt_gsheets__award_ceremony_gpa	A1	kipptaf.base_powerschool__final_grades	#5811
kipptaf.rpt_gsheets__award_ceremony_gpa	A1	kipptaf.base_powerschool__student_enrollments	#5811
kipptaf.rpt_gsheets__award_ceremony_gpa	A1	kipptaf.stg_powerschool__storedgrades	#5811
kipptaf.rpt_gsheets__college_assessments_long	A1	kipptaf.int_google_sheets__kippfwd__goals_unpivot	#5811
kipptaf.rpt_gsheets__college_assessments_long	A1	kipptaf.int_powerschool__gpa_term	#5811
kipptaf.rpt_gsheets__college_assessments_wide	A1	kipptaf.int_collegeboard__psat_unpivot	#5811
kipptaf.rpt_gsheets__college_assessments_wide	A1	kipptaf.int_kippadb__standardized_test_unpivot	#5811
kipptaf.rpt_gsheets__college_assessments_wide	A1	kipptaf.stg_google_sheets__kippfwd__expected_assessments	#5811
kipptaf.rpt_gsheets__csgf_enrollment	A1	kipptaf.int_focus__schools	#5811
kipptaf.rpt_gsheets__csgf_enrollment	A1	kipptaf.stg_google_sheets__people__locations	#5811
kipptaf.rpt_gsheets__csgf_enrollment	A1	kipptaf.stg_google_sheets__topline_enrollment_targets	#5811
kipptaf.rpt_gsheets__csgf_enrollment	A1	kipptaf.stg_powerschool__schools	#5811
kipptaf.rpt_gsheets__csgf_hs_ap_offerings	A1	kipptaf.base_powerschool__course_enrollments	#5811
kipptaf.rpt_gsheets__csgf_hs_ap_offerings	A1	kipptaf.stg_google_sheets__collegeboard__ap_course_crosswalk	#5811
kipptaf.rpt_gsheets__csgf_hs_enrollment	A1	kipptaf.stg_powerschool__courses	#5811
kipptaf.rpt_gsheets__csgf_hs_enrollment	A1	kipptaf.stg_powerschool__s_nj_crs_x	#5811
kipptaf.rpt_gsheets__csgf_hs_enrollment	A1	kipptaf.stg_powerschool__storedgrades	#5811
kipptaf.rpt_gsheets__csgf_hs_postsec_pathways	A1	kipptaf.base_kippadb__application	#5811
kipptaf.rpt_gsheets__deanslist_mod_audit	A1	kipptaf.stg_google_appsheet__illuminate_assessments_extension	#5811
kipptaf.rpt_gsheets__deanslist_mod_audit	A1	kipptaf.stg_google_sheets__assessments__standard_domains	#5811
kipptaf.rpt_gsheets__deanslist_mod_audit	A1	kipptaf.stg_google_sheets__reporting__terms	#5811
kipptaf.rpt_gsheets__dibels_bm_goals_calculations	A1	kipptaf.int_amplify__all_assessments	#5811
kipptaf.rpt_gsheets__dibels_bm_goals_calculations	A1	kipptaf.stg_google_sheets__dibels_foundation_goals	#5811
kipptaf.rpt_gsheets__dibels_pm_goal_setting	A1	kipptaf.int_amplify__all_assessments	#5811
kipptaf.rpt_gsheets__dibels_pm_goal_setting	A1	kipptaf.int_google_sheets__dibels_pm_expectations	#5811
kipptaf.rpt_gsheets__finalsite__log	A1	kipptaf.int_finalsite__status_report_unpivot	#5811
kipptaf.rpt_gsheets__gpa_flags_report	A1	kipptaf.base_powerschool__student_enrollments	#5811
kipptaf.rpt_gsheets__gpa_flags_report	A1	kipptaf.int_powerschool__gpa_cumulative	#5811
kipptaf.rpt_gsheets__gpa_roster	A1	kipptaf.int_powerschool__course_pace	#5811
kipptaf.rpt_gsheets__gpa_roster	A1	kipptaf.int_powerschool__gpa_cumulative	#5811
kipptaf.rpt_gsheets__gpa_roster	A1	kipptaf.int_powerschool__gpa_term	#5811
kipptaf.rpt_gsheets__gpa_roster	A1	kipptaf.int_powerschool__student_y1_target	#5811
kipptaf.rpt_gsheets__grad_plan_tracking	A1	kipptaf.int_powerschool__gpprogress_grades	#5811
kipptaf.rpt_gsheets__gradebook_audit_current_expectations	A1	kipptaf.stg_powerschool__u_expectations	#5811
kipptaf.rpt_gsheets__gradebook_audit_template	A1	kipptaf.stg_powerschool__u_expectations	#5811
kipptaf.rpt_gsheets__historical_suspensions	A1	kipptaf.int_deanslist__incidents__penalties	#5811
kipptaf.rpt_gsheets__intacct_integration_file	A1	kipptaf.stg_adp_payroll__general_ledger_file	#5811
kipptaf.rpt_gsheets__intacct_integration_file	A1	kipptaf.stg_google_sheets__finance__payroll_code_mapping	#5811
kipptaf.rpt_gsheets__kfwd_flc	A1	kipptaf.base_kippadb__application	#5811
kipptaf.rpt_gsheets__kfwd_flc	A1	kipptaf.base_powerschool__course_enrollments	#5811
kipptaf.rpt_gsheets__kfwd_flc	A1	kipptaf.int_google_forms__form_responses	#5811
kipptaf.rpt_gsheets__kfwd_flc	A1	kipptaf.int_kippadb__contact_note_rollup	#5811
kipptaf.rpt_gsheets__kfwd_flc	A1	kipptaf.int_kippadb__roster	#5811
kipptaf.rpt_gsheets__kfwd_flc	A1	kipptaf.int_kippadb__standardized_test_unpivot	#5811
kipptaf.rpt_gsheets__kfwd_rem_roster	A1	kipptaf.int_kippadb__enrollment_pivot	#5811
kipptaf.rpt_gsheets__kfwd_rem_roster	A1	kipptaf.int_kippadb__roster	#5811
kipptaf.rpt_gsheets__kfwd_rem_roster	A1	kipptaf.stg_kippadb__contact_note	#5811
kipptaf.rpt_gsheets__kfwd_rem_roster	A1	kipptaf.stg_kippadb__enrollment	#5811
kipptaf.rpt_gsheets__kfwd_rem_roster	A1	kipptaf.stg_kippadb__gpa	#5811
kipptaf.rpt_gsheets__kfwd_student_salesforce_ids	A1	kipptaf.int_kippadb__roster	#5811
kipptaf.rpt_gsheets__kfwd_taf_contact_feed	A1	kipptaf.int_kippadb__enrollment_pivot	#5811
kipptaf.rpt_gsheets__kfwd_taf_contact_feed	A1	kipptaf.int_kippadb__roster	#5811
kipptaf.rpt_gsheets__kippadb_quality_bar_audit	A1	kipptaf.base_kippadb__application	#5811
kipptaf.rpt_gsheets__kippadb_quality_bar_audit	A1	kipptaf.int_kippadb__app_rollup	#5811
kipptaf.rpt_gsheets__kippadb_quality_bar_audit	A1	kipptaf.int_kippadb__roster	#5811
kipptaf.rpt_gsheets__kippadb_quality_bar_audit	A1	kipptaf.int_overgrad__admissions	#5811
kipptaf.rpt_gsheets__kippadb_quality_bar_audit	A1	kipptaf.int_overgrad__choice_counts	#5811
kipptaf.rpt_gsheets__kippadb_quality_bar_audit	A1	kipptaf.stg_kippadb__account	#5811
kipptaf.rpt_gsheets__kippfwd_collab_roster	A1	kipptaf.base_kippadb__application	#5811
kipptaf.rpt_gsheets__kippfwd_collab_roster	A1	kipptaf.base_powerschool__course_enrollments	#5811
kipptaf.rpt_gsheets__kippfwd_collab_roster	A1	kipptaf.int_kippadb__contact_note_rollup	#5811
kipptaf.rpt_gsheets__kippfwd_collab_roster	A1	kipptaf.int_kippadb__enrollment_pivot	#5811
kipptaf.rpt_gsheets__kippfwd_collab_roster	A1	kipptaf.int_kippadb__roster	#5811
kipptaf.rpt_gsheets__kippfwd_collab_roster	A1	kipptaf.stg_kippadb__subsequent_financial_aid_award	#5811
kipptaf.rpt_gsheets__kippfwd_contacts	A1	kipptaf.int_deanslist__comm_log	#5811
kipptaf.rpt_gsheets__kippfwd_contacts	A1	kipptaf.int_kippadb__roster	#5811
kipptaf.rpt_gsheets__kippfwd_contacts	A1	kipptaf.stg_google_sheets__kippfwd__rem_notes	#5811
kipptaf.rpt_gsheets__kippfwd_contacts	A1	kipptaf.stg_kippadb__contact_note	#5811
kipptaf.rpt_gsheets__kippfwd_miami_roster	A1	kipptaf.base_powerschool__student_enrollments	#5811
kipptaf.rpt_gsheets__kippfwd_miami_roster	A1	kipptaf.int_focus__student_contacts	#5811
kipptaf.rpt_gsheets__kippfwd_miami_roster	A1	kipptaf.int_focus__student_enrollment_roster	#5811
kipptaf.rpt_gsheets__kippfwd_miami_roster	A1	kipptaf.int_focus__students	#5811
kipptaf.rpt_gsheets__kippfwd_miami_roster	A1	kipptaf.int_powerschool__ada_term_pivot	#5811
kipptaf.rpt_gsheets__kippfwd_miami_roster	A1	kipptaf.int_powerschool__gpa_cumulative	#5811
kipptaf.rpt_gsheets__kippfwd_miami_roster	A1	kipptaf.int_powerschool__gpa_term	#5811
kipptaf.rpt_gsheets__kippfwd_miami_roster	A1	kipptaf.stg_fldoe__fast	#5811
kipptaf.rpt_gsheets__kippfwd_ogsat	A1	kipptaf.int_collegeboard__sat_unpivot	#5811
kipptaf.rpt_gsheets__kippfwd_ogsat	A1	kipptaf.int_kippadb__standardized_test_unpivot	#5811
kipptaf.rpt_gsheets__kippfwd_sfsat	A1	kipptaf.int_collegeboard__sat_unpivot	#5811
kipptaf.rpt_gsheets__kippfwd_sfsat	A1	kipptaf.int_kippadb__standardized_test_unpivot	#5811
kipptaf.rpt_gsheets__mtss_rti	A1	kipptaf.int_amplify__all_assessments	#5811
kipptaf.rpt_gsheets__mtss_rti	A1	kipptaf.int_deanslist__referral_suspension_rollup	#5811
kipptaf.rpt_gsheets__mtss_rti	A1	kipptaf.int_iready__diagnostic_results	#5811
kipptaf.rpt_gsheets__mtss_rti	A1	kipptaf.int_powerschool__gpa_term	#5811
kipptaf.rpt_gsheets__nj_state_test_roster	A1	kipptaf.base_powerschool__course_enrollments	#5811
kipptaf.rpt_gsheets__nj_state_test_roster	A1	kipptaf.stg_powerschool__s_nj_stu_x	#5811
kipptaf.rpt_gsheets__njdoe_universal_screener_data	A1	kipptaf.int_amplify__mclass__benchmark_student_summary	#5811
kipptaf.rpt_gsheets__nsc_enrollment_new	A1	kipptaf.int_kippadb__roster	#5811
kipptaf.rpt_gsheets__nsc_enrollment_new	A1	kipptaf.int_nsc__enrollment_stints	#5811
kipptaf.rpt_gsheets__nsc_enrollment_new	A1	kipptaf.stg_kippadb__account	#5811
kipptaf.rpt_gsheets__nsc_enrollment_new	A1	kipptaf.stg_kippadb__enrollment	#5811
kipptaf.rpt_gsheets__nsc_enrollment_updates	A1	kipptaf.int_kippadb__roster	#5811
kipptaf.rpt_gsheets__nsc_enrollment_updates	A1	kipptaf.int_nsc__enrollment_stints	#5811
kipptaf.rpt_gsheets__nsc_enrollment_updates	A1	kipptaf.stg_kippadb__account	#5811
kipptaf.rpt_gsheets__nsc_enrollment_updates	A1	kipptaf.stg_kippadb__enrollment	#5811
kipptaf.rpt_gsheets__nsc_terms_new	A1	kipptaf.int_kippadb__roster	#5811
kipptaf.rpt_gsheets__nsc_terms_new	A1	kipptaf.stg_google_sheets__kippadb__nsc_crosswalk	#5811
kipptaf.rpt_gsheets__nsc_terms_new	A1	kipptaf.stg_kippadb__account	#5811
kipptaf.rpt_gsheets__nsc_terms_new	A1	kipptaf.stg_kippadb__enrollment	#5811
kipptaf.rpt_gsheets__nsc_terms_new	A1	kipptaf.stg_kippadb__term	#5811
kipptaf.rpt_gsheets__nsc_terms_new	A1	kipptaf.stg_nsc__student_tracker	#5811
kipptaf.rpt_gsheets__overgrad_award_letter	A1	kipptaf.int_overgrad__students	#5811
kipptaf.rpt_gsheets__overgrad_award_letter	A1	kipptaf.stg_overgrad__admissions	#5811
kipptaf.rpt_gsheets__overgrad_award_letter	A1	kipptaf.stg_overgrad__universities	#5811
kipptaf.rpt_gsheets__people__campus_crosswalk	A1	kipptaf.stg_google_sheets__people__campus_crosswalk	#5811
kipptaf.rpt_gsheets__people__campus_crosswalk	A1	kipptaf.stg_google_sheets__people__locations	#5811
kipptaf.rpt_gsheets__school_metrics_extract	A1	kipptaf.base_powerschool__course_enrollments	#5811
kipptaf.rpt_gsheets__school_metrics_extract	A1	kipptaf.base_powerschool__sections	#5811
kipptaf.rpt_gsheets__school_metrics_extract	A1	kipptaf.int_deanslist__incidents__penalties	#5811
kipptaf.rpt_gsheets__school_metrics_extract	A1	kipptaf.int_powerschool__final_grades_pivot	#5811
kipptaf.rpt_ignite__course_level	A1	kipptaf.stg_google_sheets__people__locations	#5810
kipptaf.rpt_ignite__course_level	A1	kipptaf.stg_powerschool__storedgrades	#5810
kipptaf.rpt_ignite__student_level	A1	kipptaf.stg_google_sheets__people__locations	#5810
kipptaf.rpt_ignite__teacher_course	A1	kipptaf.stg_google_sheets__ignite__treatment_sections	#5810
kipptaf.rpt_illuminate__roles	A1	kipptaf.stg_google_sheets__people__campus_crosswalk	#5810
kipptaf.rpt_littlesis__enrollments	A1	kipptaf.base_powerschool__course_enrollments	#5810
kipptaf.rpt_littlesis__enrollments	A1	kipptaf.int_focus__schedule	#5810
kipptaf.rpt_littlesis__enrollments	A1	kipptaf.int_focus__schools	#5810
kipptaf.rpt_littlesis__enrollments	A1	kipptaf.int_focus__users	#5810
kipptaf.rpt_littlesis__enrollments	A1	kipptaf.stg_people__student_logins	#5810
kipptaf.rpt_parentsquare__schools	A1	kipptaf.stg_powerschool__schools	#5810
kipptaf.rpt_parentsquare__sections	A1	kipptaf.rpt_parentsquare__staff	#5810
kipptaf.rpt_parentsquare__staff	A1	kipptaf.stg_ldap__group	#5810
kipptaf.rpt_parentsquare__staff	A1	kipptaf.stg_ldap__user_person	#5810
kipptaf.rpt_parentsquare__staff	A1	kipptaf.stg_powerschool__schools	#5810
kipptaf.rpt_powerschool__autocomm_students	A1	kipptaf.int_powerschool__district_entry_date	#5810
kipptaf.rpt_powerschool__autocomm_students	A1	kipptaf.stg_powerschool__s_stu_x	#5810
kipptaf.rpt_powerschool__autocomm_students	A1	kipptaf.stg_powerschool__students	#5810
kipptaf.rpt_powerschool__autocomm_students_iep	A1	kipptaf.int_edplan__njsmart_powerschool_union	#5810
kipptaf.rpt_powerschool__autocomm_teachers	A1	kipptaf.stg_powerschool__users	#5810
kipptaf.rpt_powerschool__autocomm_teachers	A1	kipptaf.stg_powerschool__userscorefields	#5810
kipptaf.rpt_schoolmint_grow__users	A1	kipptaf.stg_adp_workforce_now__employee_memberships	#5810
kipptaf.rpt_schoolmint_grow__users	A1	kipptaf.stg_schoolmint_grow__generic_tags	#5810
kipptaf.rpt_schoolmint_grow__users	A1	kipptaf.stg_schoolmint_grow__roles	#5810
kipptaf.rpt_schoolmint_grow__users	A1	kipptaf.stg_schoolmint_grow__schools	#5810
kipptaf.rpt_schoolmint_grow__users	A1	kipptaf.stg_schoolmint_grow__users	#5810
kipptaf.rpt_tableau__academic_goals_rollup	A1	kipptaf.base_powerschool__course_enrollments	#5812
kipptaf.rpt_tableau__academic_goals_rollup	A1	kipptaf.int_iready__diagnostic_results	#5812
kipptaf.rpt_tableau__academic_goals_rollup	A1	kipptaf.stg_renlearn__star	#5812
kipptaf.rpt_tableau__adp_pension_and_benefits_enrollments	A1	kipptaf.stg_adp_workforce_now__pension_and_benefits_enrollments	#5812
kipptaf.rpt_tableau__ap_assessment_dashboard	A1	kipptaf.base_powerschool__course_enrollments	#5812
kipptaf.rpt_tableau__ap_assessment_dashboard	A1	kipptaf.stg_google_sheets__collegeboard__ap_course_crosswalk	#5812
kipptaf.rpt_tableau__assessment_dashboard	A1	kipptaf.base_powerschool__course_enrollments	#5812
kipptaf.rpt_tableau__assessment_entry_audit	A1	kipptaf.int_illuminate__agg_student_responses	#5812
kipptaf.rpt_tableau__assessment_entry_audit	A1	kipptaf.stg_google_sheets__reporting__terms	#5812
kipptaf.rpt_tableau__college_assessment_dashboard_benchmark_calcs	A1	kipptaf.stg_google_sheets__kippfwd__scaffold	#5812
kipptaf.rpt_tableau__college_assessment_dashboard_current	A1	kipptaf.int_google_sheets__kippfwd__goals_unpivot	#5812
kipptaf.rpt_tableau__college_assessment_dashboard_de	A1	kipptaf.stg_powerschool__storedgrades	#5812
kipptaf.rpt_tableau__college_assessment_dashboard_de	A1	kipptaf.stg_powerschool__students	#5812
kipptaf.rpt_tableau__college_assessment_dashboard_de	A1	kipptaf.stg_powerschool__u_storedgrades_de	#5812
kipptaf.rpt_tableau__college_assessment_dashboard_over_time	A1	kipptaf.int_google_sheets__kippfwd__goals_unpivot	#5812
kipptaf.rpt_tableau__college_assessment_dashboard_roster	A1	kipptaf.stg_google_sheets__kippfwd__expected_assessments	#5812
kipptaf.rpt_tableau__community_service	A1	kipptaf.int_deanslist__students__custom_fields__pivot	#5812
kipptaf.rpt_tableau__community_service	A1	kipptaf.stg_deanslist__behavior	#5812
kipptaf.rpt_tableau__crdc_roster	A1	kipptaf.int_kippadb__standardized_test_unpivot	#5812
kipptaf.rpt_tableau__crdc_roster	A1	kipptaf.stg_google_sheets__crdc__sced_code_crosswalk	#5812
kipptaf.rpt_tableau__crdc_roster	A1	kipptaf.stg_google_sheets__crdc__student_numbers	#5812
kipptaf.rpt_tableau__crdc_roster	A1	kipptaf.stg_powerschool__storedgrades	#5812
kipptaf.rpt_tableau__ddi_dashboard	A1	kipptaf.base_powerschool__course_enrollments	#5812
kipptaf.rpt_tableau__ddi_dashboard	A1	kipptaf.int_iready__instruction_by_lesson_union	#5812
kipptaf.rpt_tableau__ddi_dashboard	A1	kipptaf.int_powerschool__teachers	#5812
kipptaf.rpt_tableau__ddi_dashboard	A1	kipptaf.int_schoolmint_grow__assignments__tags	#5812
kipptaf.rpt_tableau__ddi_dashboard	A1	kipptaf.int_schoolmint_grow__microgoals	#5812
kipptaf.rpt_tableau__ddi_dashboard	A1	kipptaf.stg_google_sheets__assessments__standard_domains	#5812
kipptaf.rpt_tableau__ddi_dashboard	A1	kipptaf.stg_schoolmint_grow__assignments	#5812
kipptaf.rpt_tableau__ddi_dashboard	A1	kipptaf.stg_schoolmint_grow__users	#5812
kipptaf.rpt_tableau__dibels_dashboard	A1	kipptaf.int_amplify__all_assessments	#5812
kipptaf.rpt_tableau__dibels_dashboard	A1	kipptaf.int_amplify__benchmark_student_summary	#5812
kipptaf.rpt_tableau__dibels_dashboard	A1	kipptaf.int_amplify__pm_met_criteria	#5812
kipptaf.rpt_tableau__dibels_dashboard	A1	kipptaf.int_amplify__pm_met_criteria_aimline	#5812
kipptaf.rpt_tableau__dibels_dashboard	A1	kipptaf.int_google_sheets__dibels__expected_assessments_by_levels	#5812
kipptaf.rpt_tableau__dibels_dashboard	A1	kipptaf.int_google_sheets__dibels_expected_assessments	#5812
kipptaf.rpt_tableau__dibels_dashboard	A1	kipptaf.int_google_sheets__dibels_pm_expectations	#5812
kipptaf.rpt_tableau__dibels_dashboard	A1	kipptaf.stg_google_sheets__dibels_bm_goals	#5812
kipptaf.rpt_tableau__dibels_dashboard	A1	kipptaf.stg_google_sheets__dibels_pm_goals	#5812
kipptaf.rpt_tableau__finance_accounting_people_model	A1	kipptaf.stg_adp_workforce_now__additional_earnings_report	#5812
kipptaf.rpt_tableau__fresh_dashboard_progress_to_goals	A1	kipptaf.int_google_sheets__finalsite__goals_pivot	#5812
kipptaf.rpt_tableau__fresh_dashboard_qc	A1	kipptaf.int_finalsite__contact_id_attributes	#5812
kipptaf.rpt_tableau__fresh_dashboard_qc	A1	kipptaf.stg_finalsite__status_report	#5812
kipptaf.rpt_tableau__gpa_course_pace	A1	kipptaf.int_powerschool__course_pace	#5812
kipptaf.rpt_tableau__gpa_cumulative_year	A1	kipptaf.int_powerschool__gpa_cumulative	#5812
kipptaf.rpt_tableau__gpa_cumulative_year	A1	kipptaf.int_powerschool__gpa_cumulative_year	#5812
kipptaf.rpt_tableau__gpa_cumulative_year	A1	kipptaf.int_powerschool__gpa_term	#5812
kipptaf.rpt_tableau__gpa_goal_progress	A1	kipptaf.int_powerschool__student_y1_target	#5812
kipptaf.rpt_tableau__gpa_goal_progress	A1	kipptaf.rpt_tableau__gpa_cumulative_year	#5812
kipptaf.rpt_tableau__gradebook_audit	A1	kipptaf.int_powerschool__gradebook_assignment_scores_rollup	#5812
kipptaf.rpt_tableau__gradebook_audit	A1	kipptaf.int_powerschool__u_expectations_qtd_unpivot	#5812
kipptaf.rpt_tableau__gradebook_es_comments	A1	kipptaf.base_powerschool__final_grades	#5812
kipptaf.rpt_tableau__gradebook_gpa	A1	kipptaf.base_powerschool__course_enrollments	#5812
kipptaf.rpt_tableau__gradebook_gpa	A1	kipptaf.base_powerschool__final_grades	#5812
kipptaf.rpt_tableau__gradebook_gpa	A1	kipptaf.int_powerschool__category_grades	#5812
kipptaf.rpt_tableau__gradebook_gpa	A1	kipptaf.int_powerschool__gpa_term	#5812
kipptaf.rpt_tableau__gradebook_gpa	A1	kipptaf.stg_powerschool__storedgrades	#5812
kipptaf.rpt_tableau__graduation_requirements	A1	kipptaf.base_powerschool__course_enrollments	#5812
kipptaf.rpt_tableau__home_instruction	A1	kipptaf.int_deanslist__incidents	#5812
kipptaf.rpt_tableau__home_instruction	A1	kipptaf.int_powerschool__spenrollments	#5812
kipptaf.rpt_tableau__home_instruction	A1	kipptaf.stg_deanslist__users	#5812
kipptaf.rpt_tableau__home_instruction_queue	A1	kipptaf.int_deanslist__incidents	#5812
kipptaf.rpt_tableau__home_instruction_queue	A1	kipptaf.stg_google_sheets__reporting__terms	#5812
kipptaf.rpt_tableau__hs_early_warning_dashboard	A1	kipptaf.base_powerschool__final_grades	#5812
kipptaf.rpt_tableau__hs_early_warning_dashboard	A1	kipptaf.base_powerschool__sections	#5812
kipptaf.rpt_tableau__hs_early_warning_dashboard	A1	kipptaf.int_deanslist__incidents__penalties	#5812
kipptaf.rpt_tableau__hs_early_warning_dashboard	A1	kipptaf.int_powerschool__gpa_term	#5812
kipptaf.rpt_tableau__hs_early_warning_dashboard	A1	kipptaf.stg_google_sheets__reporting__terms	#5812
kipptaf.rpt_tableau__iready_apm	A1	kipptaf.base_powerschool__course_enrollments	#5812
kipptaf.rpt_tableau__iready_apm	A1	kipptaf.int_iready__diagnostic_results	#5812
kipptaf.rpt_tableau__iready_apm	A1	kipptaf.int_iready__instruction_by_lesson_union	#5812
kipptaf.rpt_tableau__iready_apm	A1	kipptaf.stg_google_sheets__reporting__terms	#5812
kipptaf.rpt_tableau__iready_apm	A1	kipptaf.stg_iready__personalized_instruction_summary	#5812
kipptaf.rpt_tableau__kfwd_aid_report	A1	kipptaf.int_kippadb__enrollment_pivot	#5812
kipptaf.rpt_tableau__kfwd_aid_report	A1	kipptaf.int_kippadb__roster	#5812
kipptaf.rpt_tableau__kfwd_aid_report	A1	kipptaf.stg_kippadb__kipp_aid	#5812
kipptaf.rpt_tableau__kfwd_career_launch_survey	A1	kipptaf.int_kippadb__contact_note_rollup	#5812
kipptaf.rpt_tableau__kfwd_career_launch_survey	A1	kipptaf.int_kippadb__roster	#5812
kipptaf.rpt_tableau__kfwd_career_launch_survey	A1	kipptaf.stg_google_appsheet__kfwd_career_conversations__output	#5812
kipptaf.rpt_tableau__kfwd_career_launch_survey	A1	kipptaf.stg_kippadb__account	#5812
kipptaf.rpt_tableau__kfwd_career_launch_survey	A1	kipptaf.stg_kippadb__contact_note	#5812
kipptaf.rpt_tableau__kfwd_career_launch_survey	A1	kipptaf.stg_kippadb__enrollment	#5812
kipptaf.rpt_tableau__kfwd_career_launch_survey	A1	kipptaf.stg_kippadb__internships_programs	#5812
kipptaf.rpt_tableau__kfwd_contact_notes	A1	kipptaf.int_kippadb__roster	#5812
kipptaf.rpt_tableau__kfwd_contact_notes	A1	kipptaf.stg_kippadb__contact_note	#5812
kipptaf.rpt_tableau__kfwd_dashboard	A1	kipptaf.base_kippadb__application	#5812
kipptaf.rpt_tableau__kfwd_dashboard	A1	kipptaf.int_kippadb__app_rollup	#5812
kipptaf.rpt_tableau__kfwd_dashboard	A1	kipptaf.int_kippadb__contact_note_rollup	#5812
kipptaf.rpt_tableau__kfwd_dashboard	A1	kipptaf.int_kippadb__enrollment_pivot	#5812
kipptaf.rpt_tableau__kfwd_dashboard	A1	kipptaf.int_kippadb__grad_calcs	#5812
kipptaf.rpt_tableau__kfwd_dashboard	A1	kipptaf.int_kippadb__persistence	#5812
kipptaf.rpt_tableau__kfwd_dashboard	A1	kipptaf.int_kippadb__roster	#5812
kipptaf.rpt_tableau__kfwd_dashboard	A1	kipptaf.int_kippadb__standardized_test_unpivot	#5812
kipptaf.rpt_tableau__kfwd_dashboard	A1	kipptaf.int_overgrad__choice_counts	#5812
kipptaf.rpt_tableau__kfwd_dashboard	A1	kipptaf.int_overgrad__top_choices	#5812
kipptaf.rpt_tableau__kfwd_dashboard	A1	kipptaf.stg_kippadb__college_persistence	#5812
kipptaf.rpt_tableau__kfwd_dashboard	A1	kipptaf.stg_kippadb__contact_note	#5812
kipptaf.rpt_tableau__kfwd_dashboard	A1	kipptaf.stg_kippadb__enrollment	#5812
kipptaf.rpt_tableau__kfwd_dashboard	A1	kipptaf.stg_kippadb__gpa	#5812
kipptaf.rpt_tableau__kfwd_dashboard	A1	kipptaf.stg_kippadb__kipp_aid	#5812
kipptaf.rpt_tableau__kfwd_dashboard	A1	kipptaf.stg_kippadb__record_type	#5812
kipptaf.rpt_tableau__kfwd_dashboard	A1	kipptaf.stg_kippadb__subsequent_financial_aid_award	#5812
kipptaf.rpt_tableau__kfwd_dashboard	A1	kipptaf.stg_overgrad__admissions	#5812
kipptaf.rpt_tableau__kfwd_persistence	A1	kipptaf.int_kippadb__persistence	#5812
kipptaf.rpt_tableau__kfwd_persistence	A1	kipptaf.int_kippadb__roster	#5812
kipptaf.rpt_tableau__kfwd_spi	A1	kipptaf.base_kippadb__application	#5812
kipptaf.rpt_tableau__kfwd_spi	A1	kipptaf.int_kippadb__enrollment_pivot	#5812
kipptaf.rpt_tableau__kfwd_spi	A1	kipptaf.int_kippadb__roster	#5812
kipptaf.rpt_tableau__kfwd_spi	A1	kipptaf.int_overgrad__admissions	#5812
kipptaf.rpt_tableau__kfwd_spi	A1	kipptaf.stg_kippadb__account	#5812
kipptaf.rpt_tableau__kfwd_spi	A1	kipptaf.stg_kippadb__enrollment	#5812
kipptaf.rpt_tableau__kfwd_verification	A1	kipptaf.int_kippadb__roster	#5812
kipptaf.rpt_tableau__kfwd_verification	A1	kipptaf.stg_kippadb__account	#5812
kipptaf.rpt_tableau__kfwd_verification	A1	kipptaf.stg_kippadb__enrollment	#5812
kipptaf.rpt_tableau__kfwd_verification	A1	kipptaf.stg_kippadb__term	#5812
kipptaf.rpt_tableau__knowbe4_training_enrollment_roster	A1	kipptaf.stg_knowbe4__training_enrollments	#5812
kipptaf.rpt_tableau__miami_fast	A1	kipptaf.base_powerschool__course_enrollments	#5812
kipptaf.rpt_tableau__miami_fast	A1	kipptaf.int_fldoe__all_assessments	#5812
kipptaf.rpt_tableau__miami_fast	A1	kipptaf.int_fldoe__fast_standard_performance_unpivot	#5812
kipptaf.rpt_tableau__miami_fast	A1	kipptaf.int_iready__diagnostic_results	#5812
kipptaf.rpt_tableau__miami_fast	A1	kipptaf.int_iready__instruction_by_lesson	#5812
kipptaf.rpt_tableau__miami_k2_iready	A1	kipptaf.base_powerschool__course_enrollments	#5812
kipptaf.rpt_tableau__miami_k2_iready	A1	kipptaf.int_iready__diagnostic_results	#5812
kipptaf.rpt_tableau__miami_k2_iready	A1	kipptaf.int_iready__domain_unpivot	#5812
kipptaf.rpt_tableau__miami_k2_star	A1	kipptaf.base_powerschool__course_enrollments	#5812
kipptaf.rpt_tableau__miami_k2_star	A1	kipptaf.stg_renlearn__star	#5812
kipptaf.rpt_tableau__miami_k2_star	A1	kipptaf.stg_renlearn__star_dashboard_standards	#5812
kipptaf.rpt_tableau__mtss_rti	A1	kipptaf.int_amplify__all_assessments	#5812
kipptaf.rpt_tableau__mtss_rti	A1	kipptaf.int_deanslist__referral_suspension_rollup	#5812
kipptaf.rpt_tableau__mtss_rti	A1	kipptaf.int_iready__diagnostic_results	#5812
kipptaf.rpt_tableau__mtss_rti	A1	kipptaf.int_powerschool__gpa_term	#5812
kipptaf.rpt_tableau__okrts_behavior	A1	kipptaf.stg_deanslist__behavior	#5812
kipptaf.rpt_tableau__okrts_referrals	A1	kipptaf.int_deanslist__incidents__attachments	#5812
kipptaf.rpt_tableau__okrts_referrals	A1	kipptaf.int_deanslist__incidents__penalties	#5812
kipptaf.rpt_tableau__okrts_referrals	A1	kipptaf.int_deanslist__roster_assignments	#5812
kipptaf.rpt_tableau__okrts_referrals	A1	kipptaf.int_powerschool__gpa_term	#5812
kipptaf.rpt_tableau__okrts_referrals	A1	kipptaf.stg_deanslist__reconcile_attendance	#5812
kipptaf.rpt_tableau__okrts_referrals	A1	kipptaf.stg_deanslist__reconcile_suspensions	#5812
kipptaf.rpt_tableau__operations_ekg	A1	kipptaf.int_google_forms__form_responses	#5812
kipptaf.rpt_tableau__operations_pm	A1	kipptaf.int_google_forms__form_responses	#5812
kipptaf.rpt_tableau__operations_pm	A1	kipptaf.rpt_gsheets__operations_pm_roster	#5812
kipptaf.rpt_tableau__operations_pm	A1	kipptaf.stg_google_sheets__reporting__terms	#5812
kipptaf.rpt_tableau__pm_outlier_detection	A1	kipptaf.stg_google_sheets__reporting__terms	#5812
kipptaf.rpt_tableau__pm_outlier_detection	A1	kipptaf.stg_performance_management__outlier_detection	#5812
kipptaf.rpt_tableau__powerschool_calendar_day	A1	kipptaf.stg_powerschool__calendar_day	#5812
kipptaf.rpt_tableau__promo_status	A1	kipptaf.stg_google_sheets__reporting__terms	#5812
kipptaf.rpt_tableau__school_community_diagnostic	A1	kipptaf.stg_google_sheets__reporting__terms	#5812
kipptaf.rpt_tableau__school_community_diagnostic	A1	kipptaf.stg_google_sheets__surveys__scd_answer_crosswalk	#5812
kipptaf.rpt_tableau__school_community_diagnostic	A1	kipptaf.stg_google_sheets__surveys__scd_question_crosswalk	#5812
kipptaf.rpt_tableau__school_community_diagnostic	A1	source.powerschool_enrollment.stg_powerschool_enrollment__submission_records_archive	#5812
kipptaf.rpt_tableau__schoolmint_grow_goals	A1	kipptaf.int_schoolmint_grow__assignments__tags	#5812
kipptaf.rpt_tableau__schoolmint_grow_goals	A1	kipptaf.int_schoolmint_grow__microgoals	#5812
kipptaf.rpt_tableau__schoolmint_grow_goals	A1	kipptaf.stg_google_sheets__reporting__terms	#5812
kipptaf.rpt_tableau__schoolmint_grow_goals	A1	kipptaf.stg_schoolmint_grow__assignments	#5812
kipptaf.rpt_tableau__schoolmint_grow_goals	A1	kipptaf.stg_schoolmint_grow__users	#5812
kipptaf.rpt_tableau__schoolmint_grow_observation_details	A1	kipptaf.int_adp_workforce_now__employee_memberships_by_year	#5812
kipptaf.rpt_tableau__schoolmint_grow_observation_details	A1	kipptaf.stg_google_sheets__reporting__terms	#5812
kipptaf.rpt_tableau__seat_tracker	A1	kipptaf.stg_google_appsheet__seat_tracker__seats	#5812
kipptaf.rpt_tableau__seat_tracker	A1	kipptaf.stg_google_sheets__recruitment__school_projections	#5812
kipptaf.rpt_tableau__seat_tracker_snapshot	A1	kipptaf.int_seat_tracker__snapshot	#5812
kipptaf.rpt_tableau__seat_tracker_snapshot	A1	kipptaf.stg_google_appsheet__seat_tracker__seats	#5812
kipptaf.rpt_tableau__seat_tracker_snapshot	A1	kipptaf.stg_google_sheets__recruitment__school_projections	#5812
kipptaf.rpt_tableau__sight_words_dashboard	A1	kipptaf.int_illuminate__repositories	#5812
kipptaf.rpt_tableau__sight_words_dashboard	A1	kipptaf.int_illuminate__repository_data	#5812
kipptaf.rpt_tableau__sight_words_dashboard	A1	kipptaf.stg_google_sheets__reporting__terms	#5812
kipptaf.rpt_tableau__sight_words_dashboard	A1	kipptaf.stg_illuminate__dna_repositories__repository_fields	#5812
kipptaf.rpt_tableau__sight_words_dashboard	A1	kipptaf.stg_illuminate__dna_repositories__repository_grade_levels	#5812
kipptaf.rpt_tableau__smartrecruiters	A1	kipptaf.stg_smartrecruiters__applications	#5812
kipptaf.rpt_tableau__staff_renewal_feed	A1	kipptaf.stg_google_sheets__people__renewal_letter_mapping	#5812
kipptaf.rpt_tableau__state_assessments_dashboard	A1	kipptaf.base_powerschool__course_enrollments	#5812
kipptaf.rpt_tableau__state_assessments_dashboard	A1	kipptaf.int_pearson__student_list_report	#5812
kipptaf.rpt_tableau__state_assessments_dashboard	A1	kipptaf.stg_google_sheets__state_test_comparison_demographics	#5812
kipptaf.rpt_tableau__state_assessments_dashboard_comps	A1	kipptaf.stg_google_sheets__state_test_comparison_demographics	#5812
kipptaf.rpt_tableau__state_testing_accomodations	A1	kipptaf.stg_powerschool__s_nj_stu_x	#5812
kipptaf.rpt_tableau__stipend_and_bonus_app	A1	kipptaf.rpt_appsheet__stipend_app_roster	#5812
kipptaf.rpt_tableau__stipend_and_bonus_app	A1	kipptaf.stg_google_appsheet__stipend_and_bonus__output	#5812
kipptaf.rpt_tableau__student_course_grades	A1	kipptaf.int_powerschool__gpa_cumulative	#5812
kipptaf.rpt_tableau__student_course_grades	A1	kipptaf.int_powerschool__gpa_cumulative_year	#5812
kipptaf.rpt_tableau__student_course_grades	A1	kipptaf.int_powerschool__gpa_term	#5812
kipptaf.rpt_tableau__student_course_grades	A1	kipptaf.int_powerschool__gpa_term_lookback	#5812
kipptaf.rpt_tableau__student_course_grades	A1	kipptaf.int_powerschool__student_course_grades_spine	#5812
kipptaf.rpt_tableau__student_info_audit	A1	kipptaf.base_powerschool__course_enrollments	#5812
kipptaf.rpt_tableau__student_info_audit	A1	kipptaf.stg_powerschool__cc	#5812
kipptaf.rpt_tableau__student_info_audit	A1	kipptaf.stg_powerschool__fte	#5812
kipptaf.rpt_tableau__student_info_audit	A1	kipptaf.stg_powerschool__studentrace	#5812
kipptaf.rpt_tableau__survey_completion	A1	kipptaf.rpt_tableau__survey_links	#5812
kipptaf.rpt_tableau__survey_completion	A1	kipptaf.rpt_tableau__survey_responses	#5812
kipptaf.rpt_tableau__survey_links	A1	kipptaf.rpt_tableau__survey_responses	#5812
kipptaf.rpt_tableau__survey_links	A1	kipptaf.stg_google_sheets__reporting__terms	#5812
kipptaf.rpt_tableau__suspension_over_time	A1	kipptaf.int_deanslist__incidents__penalties	#5812
kipptaf.rpt_tableau__suspension_over_time	A1	kipptaf.stg_google_sheets__reporting__terms	#5812
kipptaf.rpt_tableau__tableau_usage	A1	kipptaf.stg_tableau__view_count_per_view	#5812
kipptaf.rpt_tableau__teacher_observations	A1	kipptaf.stg_google_sheets__reporting__terms	#5812
kipptaf.rpt_tableau__zendesk_tickets	A1	kipptaf.int_zendesk__tickets__custom_fields_pivot	#5812
kipptaf.rpt_tableau__zendesk_tickets	A1	kipptaf.stg_zendesk__ticket_audits__events	#5812
kipptaf.rpt_tableau__zendesk_tickets	A1	kipptaf.stg_zendesk__ticket_metrics	#5812
kipptaf.rpt_tableau__zendesk_tickets	A1	kipptaf.stg_zendesk__users	#5812
kipptaf.rpt_tableau__zendesk_tickets	A1	source.zendesk.groups	#5812
kipptaf.rpt_tableau__zendesk_tickets	A1	source.zendesk.tickets	#5812
kipptaf.rpt_zendesk__users	A1	kipptaf.stg_google_sheets__zendesk_org_lookup	#5810
kipptaf.rpt_zendesk__users	A1	kipptaf.stg_zendesk__organizations	#5810
kipptaf.rpt_zendesk__users	A1	kipptaf.stg_zendesk__user_identities	#5810
kipptaf.rpt_zendesk__users	A1	kipptaf.stg_zendesk__users	#5810
kipptaf.stg_amplify__mclass__sftp__pm_student_summary_aimline	A1	kipptaf.int_people__location_crosswalk	#5807
kipptaf.stg_finalsite__status_report	A1	kipptaf.stg_google_sheets__finalsite__exclude_ids	#5807
kipptaf.stg_nsc__student_tracker	A1	kipptaf.stg_kippadb__contact	#5807
kipptaf.stg_people__employee_numbers	A1	kipptaf.stg_adp_workforce_now__workers	#5807
kipptaf.stg_people__student_logins	A1	kipptaf.int_finalsite__contact_id_attributes	#5807
kipptaf.stg_people__student_logins	A1	kipptaf.stg_finalsite__contacts	#5807
kipptaf.stg_people__student_logins	A1	kipptaf.stg_powerschool__students	#5807
kipptaf.stg_powerschool__schools	A1	kipptaf.stg_google_sheets__people__locations	#5807
kipptaf.stg_powerschool__storedgrades	A1	kipptaf.int_people__location_crosswalk	#5807
kipptaf.stg_renlearn__star	A1	kipptaf.int_people__location_crosswalk	#5807
